what,kind,bundleId,bundleVersion,description,time
activated,view,org.eclipse.jdt.ui,3.6.1.r361_v20100825-0800,"org.eclipse.jdt.ui.PackageExplorer",1308877271867
opened,editor,org.eclipse.jdt.ui,3.6.1.r361_v20100825-0800,"org.eclipse.jdt.ui.CompilationUnitEditor",1308877276690
activated,editor,org.eclipse.jdt.ui,3.6.1.r361_v20100825-0800,"org.eclipse.jdt.ui.CompilationUnitEditor",1308877276852
activated,view,org.eclipse.search,3.6.0.v20100520-0800,"org.eclipse.search.ui.views.SearchView",1308877315909
executed,command,org.eclipse.jdt.ui,3.6.1.r361_v20100825-0800,"org.eclipse.jdt.ui.edit.text.java.search.references.in.project",1308877315927
activated,editor,org.eclipse.jdt.ui,3.6.1.r361_v20100825-0800,"org.eclipse.jdt.ui.CompilationUnitEditor",1308877323535
activated,editor,org.eclipse.jdt.ui,3.6.1.r361_v20100825-0800,"org.eclipse.jdt.ui.CompilationUnitEditor",1308877327348
executed,command,org.eclipse.ui,3.6.1.M20100826-1330,"org.eclipse.ui.edit.copy",1308877415933
activated,editor,org.eclipse.jdt.ui,3.6.1.r361_v20100825-0800,"org.eclipse.jdt.ui.CompilationUnitEditor",1308877417805
executed,command,org.eclipse.ui,3.6.1.M20100826-1330,"org.eclipse.ui.edit.paste",1308877424573
executed,command,org.eclipse.ui,3.6.1.M20100826-1330,"org.eclipse.ui.file.save",1308877426376
activated,editor,org.eclipse.jdt.ui,3.6.1.r361_v20100825-0800,"org.eclipse.jdt.ui.CompilationUnitEditor",1308877428012
activated,editor,org.eclipse.jdt.ui,3.6.1.r361_v20100825-0800,"org.eclipse.jdt.ui.CompilationUnitEditor",1308877429626
activated,view,org.eclipse.search,3.6.0.v20100520-0800,"org.eclipse.search.ui.views.SearchView",1308877450703
executed,command,org.eclipse.jdt.ui,3.6.1.r361_v20100825-0800,"org.eclipse.jdt.ui.edit.text.java.search.declarations.in.project",1308877450723
activated,editor,org.eclipse.jdt.ui,3.6.1.r361_v20100825-0800,"org.eclipse.jdt.ui.CompilationUnitEditor",1308877454190
executed,command,org.eclipse.ui,3.6.1.M20100826-1330,"org.eclipse.ui.edit.copy",1308877468421
activated,editor,org.eclipse.jdt.ui,3.6.1.r361_v20100825-0800,"org.eclipse.jdt.ui.CompilationUnitEditor",1308877469717
executed,command,org.eclipse.ui,3.6.1.M20100826-1330,"org.eclipse.ui.edit.paste",1308877472240
executed,command,org.eclipse.ui,3.6.1.M20100826-1330,"org.eclipse.ui.file.save",1308877474215
executed,command,org.eclipse.ui,3.6.1.M20100826-1330,"org.eclipse.ui.file.save",1308877477448
activated,editor,org.eclipse.jdt.ui,3.6.1.r361_v20100825-0800,"org.eclipse.jdt.ui.CompilationUnitEditor",1308877481062
activated,editor,org.eclipse.jdt.ui,3.6.1.r361_v20100825-0800,"org.eclipse.jdt.ui.CompilationUnitEditor",1308877511558
executed,command,org.eclipse.ui.workbench.texteditor,3.6.1.r361_v20100714-0800,"org.eclipse.ui.edit.text.select.lineEnd",1308877533523
executed,command,org.eclipse.ui,3.6.1.M20100826-1330,"org.eclipse.ui.edit.copy",1308877535264
activated,editor,org.eclipse.jdt.ui,3.6.1.r361_v20100825-0800,"org.eclipse.jdt.ui.CompilationUnitEditor",1308877537914
activated,editor,org.eclipse.jdt.ui,3.6.1.r361_v20100825-0800,"org.eclipse.jdt.ui.CompilationUnitEditor",1308877544119
activated,editor,org.eclipse.jdt.ui,3.6.1.r361_v20100825-0800,"org.eclipse.jdt.ui.CompilationUnitEditor",1308877545681
activated,editor,org.eclipse.jdt.ui,3.6.1.r361_v20100825-0800,"org.eclipse.jdt.ui.CompilationUnitEditor",1308877547753
executed,command,org.eclipse.ui,3.6.1.M20100826-1330,"org.eclipse.ui.edit.copy",1308877552730
activated,editor,org.eclipse.jdt.ui,3.6.1.r361_v20100825-0800,"org.eclipse.jdt.ui.CompilationUnitEditor",1308877553828
executed,command,org.eclipse.ui,3.6.1.M20100826-1330,"org.eclipse.ui.edit.paste",1308877554736
activated,editor,org.eclipse.jdt.ui,3.6.1.r361_v20100825-0800,"org.eclipse.jdt.ui.CompilationUnitEditor",1308877571757
executed,command,org.eclipse.ui.workbench.texteditor,3.6.1.r361_v20100714-0800,"org.eclipse.ui.edit.text.select.lineEnd",1308877578363
executed,command,org.eclipse.ui,3.6.1.M20100826-1330,"org.eclipse.ui.edit.copy",1308877579074
activated,editor,org.eclipse.jdt.ui,3.6.1.r361_v20100825-0800,"org.eclipse.jdt.ui.CompilationUnitEditor",1308877581400
executed,command,org.eclipse.ui,3.6.1.M20100826-1330,"org.eclipse.ui.edit.paste",1308877582567
executed,command,org.eclipse.ui.workbench.texteditor,3.6.1.r361_v20100714-0800,"org.eclipse.ui.edit.text.goto.lineEnd",1308877600621
executed,command,org.eclipse.ui,3.6.1.M20100826-1330,"org.eclipse.ui.file.save",1308877608755
activated,view,org.eclipse.jdt.ui,3.6.1.r361_v20100825-0800,"org.eclipse.jdt.ui.PackageExplorer",1308877641931
opened,editor,org.eclipse.jdt.ui,3.6.1.r361_v20100825-0800,"org.eclipse.jdt.ui.CompilationUnitEditor",1308877651495
activated,editor,org.eclipse.jdt.ui,3.6.1.r361_v20100825-0800,"org.eclipse.jdt.ui.CompilationUnitEditor",1308877651611
activated,view,org.eclipse.search,3.6.0.v20100520-0800,"org.eclipse.search.ui.views.SearchView",1308877677885
executed,command,org.eclipse.jdt.ui,3.6.1.r361_v20100825-0800,"org.eclipse.jdt.ui.edit.text.java.search.references.in.project",1308877677906
activated,editor,org.eclipse.jdt.ui,3.6.1.r361_v20100825-0800,"org.eclipse.jdt.ui.CompilationUnitEditor",1308877680700
executed,command,org.eclipse.ui,3.6.1.M20100826-1330,"org.eclipse.ui.edit.text.contentAssist.proposals",1308877713422
executed,command,org.eclipse.ui,3.6.1.M20100826-1330,"org.eclipse.ui.edit.text.contentAssist.proposals",1308877714811
executed,command,org.eclipse.ui.workbench.texteditor,3.6.1.r361_v20100714-0800,"org.eclipse.ui.edit.text.select.lineStart",1308877726419
executed,command,org.eclipse.ui.workbench.texteditor,3.6.1.r361_v20100714-0800,"org.eclipse.ui.edit.text.select.lineStart",1308877727499
activated,view,org.eclipse.jdt.ui,3.6.1.r361_v20100825-0800,"org.eclipse.jdt.ui.PackageExplorer",1308877758436
activated,editor,org.eclipse.jdt.ui,3.6.1.r361_v20100825-0800,"org.eclipse.jdt.ui.CompilationUnitEditor",1308877946936
deactivated,workbench,org.eclipse.ui.workbench,3.6.1.M20100826-1330,"",1308877966112
activated,workbench,org.eclipse.ui.workbench,3.6.1.M20100826-1330,"",1308878126550
deactivated,workbench,org.eclipse.ui.workbench,3.6.1.M20100826-1330,"",1308878128107
activated,workbench,org.eclipse.ui.workbench,3.6.1.M20100826-1330,"",1308878164561
executed,command,org.eclipse.ui,3.6.1.M20100826-1330,"org.eclipse.ui.file.save",1308878214528
activated,editor,org.eclipse.jdt.ui,3.6.1.r361_v20100825-0800,"org.eclipse.jdt.ui.CompilationUnitEditor",1308878218699
closed,editor,org.eclipse.jdt.ui,3.6.1.r361_v20100825-0800,"org.eclipse.jdt.ui.CompilationUnitEditor",1308878218700
deactivated,workbench,org.eclipse.ui.workbench,3.6.1.M20100826-1330,"",1308878221359
activated,workbench,org.eclipse.ui.workbench,3.6.1.M20100826-1330,"",1308878250763
started,bundle,org.eclipse.wst.jsdt.debug.core,1.0.3.v201011040143,"org.eclipse.wst.jsdt.debug.core",1308878250917
closed,workbench,org.eclipse.ui.workbench,3.6.1.M20100826-1330,"",1308878252440
stopped,bundle,org.eclipse.mylyn.ide.ant,3.4.0.v20100608-0100-e3x,"org.eclipse.mylyn.ide.ant",1308878252859
stopped,bundle,org.eclipse.pde.api.tools.ui,1.0.201.v20100820_r361,"org.eclipse.pde.api.tools.ui",1308878252860
stopped,bundle,org.eclipse.pde.ds.ui,1.0.100.v20100601,"org.eclipse.pde.ds.ui",1308878252861
stopped,bundle,org.eclipse.pde.runtime,3.4.200.v20100601,"org.eclipse.pde.runtime",1308878252863
stopped,bundle,org.eclipse.pde.ua.ui,1.0.100.v20100504,"org.eclipse.pde.ua.ui",1308878252865
stopped,bundle,org.eclipse.pde.ui.templates,3.4.200.v20100601,"org.eclipse.pde.ui.templates",1308878252867
stopped,bundle,org.eclipse.wb.core.databinding.xml,0.9.0.r36x201102111443,"org.eclipse.wb.core.databinding.xml",1308878252868
stopped,bundle,org.eclipse.wb.core.databinding,0.9.0.r36x201102111430,"org.eclipse.wb.core.databinding",1308878252870
stopped,bundle,org.eclipse.pde.ui,3.6.1.v20110210_r362,"org.eclipse.pde.ui",1308878252870
stopped,bundle,org.eclipse.ant.ui,3.5.0.v20100427,"org.eclipse.ant.ui",1308878252892
stopped,bundle,org.eclipse.ant.launching,1.0.0.v20100427,"org.eclipse.ant.launching",1308878252894
stopped,bundle,org.eclipse.compare.win32,1.0.100.I20100505-1245,"org.eclipse.compare.win32",1308878252895
stopped,bundle,com.google.appengine.eclipse.sdkbundle.1.4.0,1.4.0.v201012021502,"com.google.appengine.eclipse.sdkbundle.1.4.0",1308878252896
stopped,bundle,com.google.gdt.eclipse.maven,2.2.0.v201102111811,"com.google.gdt.eclipse.maven",1308878252897
stopped,bundle,com.google.gdt.eclipse.suite,2.2.0.v201102111811,"com.google.gdt.eclipse.suite",1308878252897
stopped,bundle,com.google.appengine.eclipse.core,2.2.0.v201102111811,"com.google.appengine.eclipse.core",1308878252897
stopped,bundle,com.google.gwt.eclipse.sdkbundle.2.1.1,2.1.1.v201012170127,"com.google.gwt.eclipse.sdkbundle.2.1.1",1308878252898
stopped,bundle,com.google.gwt.eclipse.oophm,2.2.0.v201102111811,"com.google.gwt.eclipse.oophm",1308878252899
stopped,bundle,com.google.gwt.eclipse.core,2.2.0.v201102111811,"com.google.gwt.eclipse.core",1308878253003
stopped,bundle,com.google.gdt.eclipse.core,2.2.0.v201102111811,"com.google.gdt.eclipse.core",1308878253003
stopped,bundle,com.google.gdt.eclipse.platform,2.2.0.v201102111811,"com.google.gdt.eclipse.platform",1308878253005
stopped,bundle,com.google.gdt.eclipse.platform.e36,2.2.0.v201102111811,"com.google.gdt.eclipse.platform.e36",1308878253005
stopped,bundle,org.eclipse.equinox.p2.ui.sdk,1.0.100.v20100513,"org.eclipse.equinox.p2.ui.sdk",1308878253010
stopped,bundle,org.eclipse.mylyn.java.tasks,3.4.0.v20100608-0100-e3x,"org.eclipse.mylyn.java.tasks",1308878253011
stopped,bundle,org.eclipse.mylyn.java.ui,3.4.0.v20100608-0100-e3x,"org.eclipse.mylyn.java.ui",1308878253012
stopped,bundle,com.google.gdt.eclipse.designer.UiBinder,2.2.0.r36x201102111505,"com.google.gdt.eclipse.designer.UiBinder",1308878253012
stopped,bundle,com.google.gdt.eclipse.designer.gpe,2.2.0.r36x201102111547,"com.google.gdt.eclipse.designer.gpe",1308878253013
stopped,bundle,com.google.gdt.eclipse.designer,2.2.0.r36x201102111505,"com.google.gdt.eclipse.designer",1308878253013
stopped,bundle,org.eclipse.jdt.junit,3.6.1.r361_v20100825-0800,"org.eclipse.jdt.junit",1308878253013
stopped,bundle,org.eclipse.jdt.apt.ui,3.3.300.v20100513-0845,"org.eclipse.jdt.apt.ui",1308878253015
stopped,bundle,org.eclipse.wst.xsl.jaxp.debug.ui,1.0.100.v201004290328,"org.eclipse.wst.xsl.jaxp.debug.ui",1308878253018
stopped,bundle,org.eclipse.jdt.debug.ui,3.5.0.v20100602-0830,"org.eclipse.jdt.debug.ui",1308878253026
stopped,bundle,com.collabnet.subversion.merge,2.2.3,"com.collabnet.subversion.merge",1308878253027
stopped,bundle,org.tigris.subversion.subclipse.graph,1.0.9,"org.tigris.subversion.subclipse.graph",1308878253029
stopped,bundle,org.tigris.subversion.subclipse.mylyn,3.0.0,"org.tigris.subversion.subclipse.mylyn",1308878253029
stopped,bundle,org.tigris.subversion.subclipse.tools.usage,1.0.1,"org.tigris.subversion.subclipse.tools.usage",1308878253029
stopped,bundle,org.tigris.subversion.subclipse.ui,1.6.17,"org.tigris.subversion.subclipse.ui",1308878253033
stopped,bundle,com.python.pydev.codecompletion,1.6.5.2011020317,"com.python.pydev.codecompletion",1308878253034
stopped,bundle,com.python.pydev.refactoring,1.6.5.2011020317,"com.python.pydev.refactoring",1308878253036
stopped,bundle,com.python.pydev.analysis,1.6.5.2011020317,"com.python.pydev.analysis",1308878253036
stopped,bundle,com.python.pydev.debug,1.6.5.2011020317,"com.python.pydev.debug",1308878253037
stopped,bundle,com.python.pydev.fastparser,1.6.5.2011020317,"com.python.pydev.fastparser",1308878253037
stopped,bundle,com.python.pydev,1.6.5.2011020317,"com.python.pydev",1308878253040
stopped,bundle,org.python.pydev.django,1.6.5.2011020317,"org.python.pydev.django",1308878253042
stopped,bundle,org.python.pydev.customizations,1.6.5.2011020317,"org.python.pydev.customizations",1308878253042
stopped,bundle,org.python.pydev.red_core,1.6.5.2011020317,"org.python.pydev.red_core",1308878253043
stopped,bundle,org.python.pydev.debug,1.6.5.2011020317,"org.python.pydev.debug",1308878253043
stopped,bundle,org.python.pydev.refactoring,1.6.5.2011020317,"org.python.pydev.refactoring",1308878253044
stopped,bundle,org.python.pydev,1.6.5.2011020317,"org.python.pydev",1308878253046
stopped,bundle,com.google.gdt.eclipse.platform.shared,2.2.0.v201102111811,"com.google.gdt.eclipse.platform.shared",1308878253046
stopped,bundle,com.google.gdt.eclipse.designer.hosted.1_6.ie,2.2.0.r36x201102111446,"com.google.gdt.eclipse.designer.hosted.1_6.ie",1308878253047
stopped,bundle,com.google.gdt.eclipse.designer.hosted.1_6,2.2.0.r36x201102111446,"com.google.gdt.eclipse.designer.hosted.1_6",1308878253049
stopped,bundle,com.google.gdt.eclipse.designer.hosted.2_0.ie,2.2.0.r36x201102111446,"com.google.gdt.eclipse.designer.hosted.2_0.ie",1308878253050
stopped,bundle,com.google.gdt.eclipse.designer.hosted.2_0.webkit,2.2.0.r36x201102111446,"com.google.gdt.eclipse.designer.hosted.2_0.webkit",1308878253051
stopped,bundle,com.google.gdt.eclipse.designer.hosted.2_0,2.2.0.r36x201102111446,"com.google.gdt.eclipse.designer.hosted.2_0",1308878253053
stopped,bundle,com.google.gdt.eclipse.designer.hosted.2_2.ie,2.2.0.r36x201102111446,"com.google.gdt.eclipse.designer.hosted.2_2.ie",1308878253054
stopped,bundle,com.google.gdt.eclipse.designer.hosted.2_2.webkit,2.2.0.r36x201102111446,"com.google.gdt.eclipse.designer.hosted.2_2.webkit",1308878253055
stopped,bundle,com.google.gdt.eclipse.designer.hosted.2_2,2.2.0.r36x201102111446,"com.google.gdt.eclipse.designer.hosted.2_2",1308878253057
stopped,bundle,com.google.gdt.eclipse.designer.hosted,2.2.0.r36x201102111446,"com.google.gdt.eclipse.designer.hosted",1308878253058
stopped,bundle,org.eclipse.wb.core.xml,0.9.0.r36x201102111443,"org.eclipse.wb.core.xml",1308878253058
stopped,bundle,org.eclipse.wb.css,0.9.0.r36x201102051550,"org.eclipse.wb.css",1308878253059
stopped,bundle,org.eclipse.wb.os.win32,0.9.0.r36x201102111430,"org.eclipse.wb.os.win32",1308878253061
stopped,bundle,org.eclipse.wb.core,0.9.0.r36x201102111430,"org.eclipse.wb.core",1308878253061
stopped,bundle,org.eclipse.jdt.ui,3.6.1.r361_v20100825-0800,"org.eclipse.jdt.ui",1308878253147
stopped,bundle,org.eclipse.wst.dtd.ui,1.0.500.v201004290328,"org.eclipse.wst.dtd.ui",1308878253149
stopped,bundle,org.eclipse.php.server.ui,2.2.0.v20101001-2300,"org.eclipse.php.server.ui",1308878253152
stopped,bundle,org.eclipse.php.debug.ui,2.2.0.v20101001-2300,"org.eclipse.php.debug.ui",1308878253152
stopped,bundle,org.eclipse.php.debug.core,2.2.0.v20101001-2300,"org.eclipse.php.debug.core",1308878253152
stopped,bundle,org.eclipse.php.ui,2.2.1.v20101001-2300,"org.eclipse.php.ui",1308878253152
stopped,bundle,org.eclipse.wst.jsdt.web.ui,1.0.304.v201012160349,"org.eclipse.wst.jsdt.web.ui",1308878253155
stopped,bundle,org.eclipse.wst.web.ui,1.1.400.v201004141630,"org.eclipse.wst.web.ui",1308878253157
stopped,bundle,org.eclipse.wst.html.ui,1.0.504.v201101122108,"org.eclipse.wst.html.ui",1308878253160
stopped,bundle,org.eclipse.wst.css.ui,1.0.502.v201101122002,"org.eclipse.wst.css.ui",1308878253163
stopped,bundle,org.eclipse.wst.xsd.ui,1.2.304.v201101251958,"org.eclipse.wst.xsd.ui",1308878253171
stopped,bundle,org.eclipse.wst.xsl.exslt.ui,1.0.0.v201006012005,"org.eclipse.wst.xsl.exslt.ui",1308878253173
stopped,bundle,org.eclipse.wst.xsl.ui,1.1.1.v201009091745,"org.eclipse.wst.xsl.ui",1308878253177
stopped,bundle,org.eclipse.wst.xml.xpath.ui,1.1.2.v201101212242,"org.eclipse.wst.xml.xpath.ui",1308878253179
stopped,bundle,org.eclipse.wst.xsl.debug.ui,1.0.101.v201102111830,"org.eclipse.wst.xsl.debug.ui",1308878253180
stopped,bundle,org.eclipse.wst.xml.ui,1.1.103.v201101122108,"org.eclipse.wst.xml.ui",1308878253183
stopped,bundle,org.eclipse.wst.common.ui,1.1.500.v200911190730,"org.eclipse.wst.common.ui",1308878253185
stopped,bundle,org.eclipse.wst.jsdt.debug.ui,1.0.3.v201011040143,"org.eclipse.wst.jsdt.debug.ui",1308878253185
stopped,bundle,org.eclipse.wst.jsdt.support.firefox,1.0.300.v201004150600,"org.eclipse.wst.jsdt.support.firefox",1308878253186
stopped,bundle,org.eclipse.wst.jsdt.ui,1.1.4.v201102160540,"org.eclipse.wst.jsdt.ui",1308878253186
stopped,bundle,org.eclipse.wst.sse.ui,1.2.3.v201102102045,"org.eclipse.wst.sse.ui",1308878253186
stopped,bundle,org.eclipse.dltk.testing,1.0.0.v20090914-1703,"org.eclipse.dltk.testing",1308878253188
stopped,bundle,org.eclipse.dltk.debug.ui,2.0.0.v20100115-2213,"org.eclipse.dltk.debug.ui",1308878253191
stopped,bundle,org.eclipse.dltk.formatter,2.0.0.v20100304-1959,"org.eclipse.dltk.formatter",1308878253193
stopped,bundle,org.eclipse.dltk.validators.externalchecker,1.0.0.v20090803-1754,"org.eclipse.dltk.validators.externalchecker",1308878253194
stopped,bundle,org.eclipse.dltk.validators.ui,2.0.0.v20091214-1712,"org.eclipse.dltk.validators.ui",1308878253196
stopped,bundle,org.eclipse.dltk.ui,2.0.0.v20100909-1720,"org.eclipse.dltk.ui",1308878253196
stopped,bundle,org.eclipse.search,3.6.0.v20100520-0800,"org.eclipse.search",1308878253196
stopped,bundle,org.eclipse.mylyn.team.ui,3.4.2.v20100909-0100-e3x,"org.eclipse.mylyn.team.ui",1308878253196
stopped,bundle,org.eclipse.ui.navigator.resources,3.4.201.M20100707-0800,"org.eclipse.ui.navigator.resources",1308878253216
stopped,bundle,org.eclipse.ltk.ui.refactoring,3.5.0.v20100526-0800,"org.eclipse.ltk.ui.refactoring",1308878253216
stopped,bundle,org.eclipse.mylyn.bugzilla.ui,3.4.2.v20100909-0100-e3x,"org.eclipse.mylyn.bugzilla.ui",1308878253216
stopped,bundle,org.eclipse.mylyn.ide.ui,3.4.0.v20100608-0100-e3x,"org.eclipse.mylyn.ide.ui",1308878253216
activated,perspective,org.eclipse.jdt.ui,,"org.eclipse.jdt.ui.JavaPerspective",1310236814950
started,bundle,org.eclipse.osgi,3.6.1.R36x_v20100806,"org.eclipse.osgi",1310236814950
started,bundle,org.eclipse.equinox.simpleconfigurator,1.0.200.v20100503,"org.eclipse.equinox.simpleconfigurator",1310236814966
started,bundle,com.ibm.icu,4.2.1.v20100412,"com.ibm.icu",1310236814966
started,bundle,org.eclipse.compare,3.5.100.I20100526-0800,"org.eclipse.compare",1310236814981
started,bundle,org.eclipse.compare.core,3.5.100.I20100526-0800,"org.eclipse.compare.core",1310236814997
started,bundle,org.eclipse.core.contenttype,3.4.100.v20100505-1235,"org.eclipse.core.contenttype",1310236815013
started,bundle,org.eclipse.core.databinding.observable,1.3.0.I20100601-0800,"org.eclipse.core.databinding.observable",1310236815013
started,bundle,org.eclipse.core.expressions,3.4.200.v20100505,"org.eclipse.core.expressions",1310236815028
started,bundle,org.eclipse.core.filebuffers,3.5.100.v20100520-0800,"org.eclipse.core.filebuffers",1310236815044
started,bundle,org.eclipse.core.filesystem,1.3.1.R36x_v20100727-0745,"org.eclipse.core.filesystem",1310236815059
started,bundle,org.eclipse.core.jobs,3.5.1.R36x_v20100824,"org.eclipse.core.jobs",1310236815075
started,bundle,org.eclipse.core.net,1.2.100.I20100511-0800,"org.eclipse.core.net",1310236815106
started,bundle,org.eclipse.core.resources,3.6.0.R36x_v20100825-0600,"org.eclipse.core.resources",1310236815122
started,bundle,org.eclipse.core.runtime,3.6.0.v20100505,"org.eclipse.core.runtime",1310236815137
started,bundle,org.eclipse.core.runtime.compatibility,3.2.100.v20100505,"org.eclipse.core.runtime.compatibility",1310236815184
started,bundle,org.eclipse.core.runtime.compatibility.auth,3.2.200.v20100517,"org.eclipse.core.runtime.compatibility.auth",1310236815215
started,bundle,org.eclipse.core.variables,3.2.400.v20100505,"org.eclipse.core.variables",1310236815231
started,bundle,org.eclipse.debug.core,3.6.0.v20100519,"org.eclipse.debug.core",1310236815262
started,bundle,org.eclipse.equinox.app,1.3.1.R36x_v20100803,"org.eclipse.equinox.app",1310236815262
started,bundle,org.eclipse.equinox.common,3.6.0.v20100503,"org.eclipse.equinox.common",1310236815293
started,bundle,org.eclipse.equinox.ds,1.2.1.R36x_v20100803,"org.eclipse.equinox.ds",1310236815325
started,bundle,org.eclipse.equinox.event,1.2.0.v20100503,"org.eclipse.equinox.event",1310236815418
started,bundle,org.eclipse.equinox.p2.core,2.0.2.R36x_v20100804,"org.eclipse.equinox.p2.core",1310236815465
started,bundle,org.eclipse.equinox.p2.directorywatcher,1.0.202.R36x_v20100727,"org.eclipse.equinox.p2.directorywatcher",1310236815481
started,bundle,org.eclipse.equinox.p2.engine,2.0.0.v20100606,"org.eclipse.equinox.p2.engine",1310236815496
started,bundle,org.eclipse.equinox.p2.metadata,2.0.0.v20100601,"org.eclipse.equinox.p2.metadata",1310236815527
started,bundle,org.eclipse.equinox.p2.metadata.repository,1.1.0.v20100513,"org.eclipse.equinox.p2.metadata.repository",1310236815559
started,bundle,org.eclipse.equinox.p2.operations,2.0.0.v20100510,"org.eclipse.equinox.p2.operations",1310236815574
started,bundle,org.eclipse.equinox.p2.reconciler.dropins,1.1.0.v20100525,"org.eclipse.equinox.p2.reconciler.dropins",1310236815605
started,bundle,org.eclipse.equinox.p2.repository,2.0.1.R36x_v20100823,"org.eclipse.equinox.p2.repository",1310236815637
started,bundle,org.eclipse.equinox.p2.ui.sdk.scheduler,1.0.0.v20100507-1815,"org.eclipse.equinox.p2.ui.sdk.scheduler",1310236815652
started,bundle,org.eclipse.equinox.p2.updatechecker,1.1.101.R36x_v20100823,"org.eclipse.equinox.p2.updatechecker",1310236815668
started,bundle,org.eclipse.equinox.preferences,3.3.0.v20100503,"org.eclipse.equinox.preferences",1310236815683
started,bundle,org.eclipse.equinox.registry,3.5.0.v20100503,"org.eclipse.equinox.registry",1310236815699
started,bundle,org.eclipse.equinox.security,1.0.200.v20100503,"org.eclipse.equinox.security",1310236815761
started,bundle,org.eclipse.equinox.util,1.0.200.v20100503,"org.eclipse.equinox.util",1310236815761
started,bundle,org.eclipse.help,3.5.0.v20100524,"org.eclipse.help",1310236815793
started,bundle,org.eclipse.jdt.apt.core,3.3.401.R36_v20100727-0110,"org.eclipse.jdt.apt.core",1310236815808
started,bundle,org.eclipse.jdt.apt.pluggable.core,1.0.301.R36_v20100727-0110,"org.eclipse.jdt.apt.pluggable.core",1310236815824
started,bundle,org.eclipse.jdt.core,3.6.1.v_A68_R36x,"org.eclipse.jdt.core",1310236815855
started,bundle,org.eclipse.jdt.core.manipulation,1.3.0.v20100520-0800,"org.eclipse.jdt.core.manipulation",1310236815871
started,bundle,org.eclipse.jdt.junit,3.6.1.r361_v20100825-0800,"org.eclipse.jdt.junit",1310236815902
started,bundle,org.eclipse.jdt.launching,3.5.100.v20100526,"org.eclipse.jdt.launching",1310236815933
started,bundle,org.eclipse.jdt.ui,3.6.1.r361_v20100825-0800,"org.eclipse.jdt.ui",1310236815933
started,bundle,org.eclipse.jface,3.6.1.M20100825-0800,"org.eclipse.jface",1310236815964
started,bundle,org.eclipse.jsch.core,1.1.200.I20100505-1245,"org.eclipse.jsch.core",1310236815964
started,bundle,org.eclipse.ltk.core.refactoring,3.5.100.v20100526-0800,"org.eclipse.ltk.core.refactoring",1310236815995
started,bundle,org.eclipse.ltk.ui.refactoring,3.5.0.v20100526-0800,"org.eclipse.ltk.ui.refactoring",1310236816027
started,bundle,org.eclipse.mylyn.bugzilla.core,3.4.2.v20100902-0100-e3x,"org.eclipse.mylyn.bugzilla.core",1310236816027
started,bundle,org.eclipse.mylyn.bugzilla.ui,3.4.2.v20100909-0100-e3x,"org.eclipse.mylyn.bugzilla.ui",1310236816042
started,bundle,org.eclipse.mylyn.commons.net,3.4.1.v20100625-2100-e3x,"org.eclipse.mylyn.commons.net",1310236816042
started,bundle,org.eclipse.mylyn.commons.ui,3.4.0.v20100608-0100-e3x,"org.eclipse.mylyn.commons.ui",1310236816058
started,bundle,org.eclipse.mylyn.context.core,3.4.1.v20100909-0100-e3x,"org.eclipse.mylyn.context.core",1310236816073
started,bundle,org.eclipse.mylyn.context.ui,3.4.1.v20100909-0100-e3x,"org.eclipse.mylyn.context.ui",1310236816105
started,bundle,org.eclipse.mylyn.monitor.ui,3.4.0.v20100608-0100-e3x,"org.eclipse.mylyn.monitor.ui",1310236816120
started,bundle,org.eclipse.mylyn.tasks.ui,3.4.2.v20100902-0100-e3x,"org.eclipse.mylyn.tasks.ui",1310236816151
started,bundle,org.eclipse.mylyn.team.ui,3.4.2.v20100909-0100-e3x,"org.eclipse.mylyn.team.ui",1310236816167
started,bundle,org.eclipse.search,3.6.0.v20100520-0800,"org.eclipse.search",1310236816183
started,bundle,org.eclipse.team.core,3.5.100.R36x_v20100825-0800,"org.eclipse.team.core",1310236816183
started,bundle,org.eclipse.team.cvs.core,3.3.300.I20100526-0800,"org.eclipse.team.cvs.core",1310236816198
started,bundle,org.eclipse.team.cvs.ui,3.3.301.R36x_v20100825-0800,"org.eclipse.team.cvs.ui",1310236816229
started,bundle,org.eclipse.team.ui,3.5.101.R36x_v20100825-0800,"org.eclipse.team.ui",1310236816245
started,bundle,org.eclipse.ui,3.6.1.M20100826-1330,"org.eclipse.ui",1310236816261
started,bundle,org.eclipse.ui.console,3.5.0.v20100526,"org.eclipse.ui.console",1310236816292
started,bundle,org.eclipse.ui.editors,3.6.1.r361_v20100825-0800,"org.eclipse.ui.editors",1310236816292
started,bundle,org.eclipse.ui.forms,3.5.2.r36_v20100702,"org.eclipse.ui.forms",1310236816307
started,bundle,org.eclipse.ui.ide,3.6.1.M20100825-0800,"org.eclipse.ui.ide",1310236816323
started,bundle,org.eclipse.ui.net,1.2.100.I20100505-1245,"org.eclipse.ui.net",1310236816339
started,bundle,org.eclipse.ui.views,3.5.0.I20100527-0800,"org.eclipse.ui.views",1310236816354
started,bundle,org.eclipse.ui.workbench,3.6.1.M20100826-1330,"org.eclipse.ui.workbench",1310236816385
started,bundle,org.eclipse.ui.workbench.texteditor,3.6.1.r361_v20100714-0800,"org.eclipse.ui.workbench.texteditor",1310236816401
started,bundle,org.eclipse.update.configurator,3.3.100.v20100512,"org.eclipse.update.configurator",1310236816401
started,bundle,org.eclipse.update.core,3.2.402.R36x_v20100629,"org.eclipse.update.core",1310236816432
started,bundle,org.eclipse.update.scheduler,3.2.300.v20100512,"org.eclipse.update.scheduler",1310236816463
